Id,Category
image_punjabi_1.jpg,Sarcasm
image_punjabi_2.jpg,Neutral
image_punjabi_3.jpg,Neutral
image_punjabi_4.jpg,Sarcasm
image_punjabi_5.jpg,Neutral
image_punjabi_6.jpg,Neutral
image_punjabi_7.jpg,Sarcasm
image_punjabi_8.jpg,Sarcasm
image_punjabi_9.jpg,Sarcasm
image_punjabi_10.jpg,Sarcasm
image_punjabi_11.jpg,Sarcasm
image_punjabi_12.jpg,Sarcasm
image_punjabi_13.jpg,Sarcasm
image_punjabi_14.jpg,Sarcasm
image_punjabi_15.jpg,Sarcasm
image_punjabi_16.jpg,Sarcasm
image_punjabi_17.jpg,Sarcasm
image_punjabi_18.jpg,Neutral
image_punjabi_19.jpg,Sarcasm
image_punjabi_20.jpg,Sarcasm
image_punjabi_21.jpg,Sarcasm
image_punjabi_22.jpg,Sarcasm
image_punjabi_23.jpg,Neutral
image_punjabi_24.jpg,Motivational
image_punjabi_25.jpg,Sarcasm
image_punjabi_26.jpg,Sarcasm
image_punjabi_27.jpg,Sarcasm
image_punjabi_28.jpg,Sarcasm
image_punjabi_29.jpg,Sarcasm
image_punjabi_30.jpg,Sarcasm
image_punjabi_31.jpg,Sarcasm
image_punjabi_32.jpg,Neutral
image_punjabi_33.jpg,Motivational
image_punjabi_34.jpg,Sarcasm
image_punjabi_35.jpg,Sarcasm
image_punjabi_36.jpg,Sarcasm
image_punjabi_37.jpg,Sarcasm
image_punjabi_38.jpg,Sarcasm
image_punjabi_39.jpg,Sarcasm
image_punjabi_40.jpg,Sarcasm
image_punjabi_41.jpg,Sarcasm
image_punjabi_42.jpg,Sarcasm
image_punjabi_43.jpg,Sarcasm
image_punjabi_44.jpg,Sarcasm
image_punjabi_45.jpg,Sarcasm
image_punjabi_46.jpg,Sarcasm
image_punjabi_47.jpg,Neutral
image_punjabi_48.jpg,Motivational
image_punjabi_49.jpg,Sarcasm
image_punjabi_50.jpg,Motivational
image_punjabi_51.jpg,Sarcasm
image_punjabi_52.jpg,Sarcasm
image_punjabi_53.jpg,Sarcasm
image_punjabi_54.jpg,Sarcasm
image_punjabi_55.jpg,Sarcasm
image_punjabi_56.jpg,Sarcasm
image_punjabi_57.jpg,Sarcasm
image_punjabi_58.jpg,Neutral
image_punjabi_59.jpg,Neutral
image_punjabi_60.jpg,Neutral
image_punjabi_61.jpg,Sarcasm
image_punjabi_62.jpg,Neutral
image_punjabi_63.jpg,Sarcasm
image_punjabi_64.jpg,Sarcasm
image_punjabi_65.jpg,Neutral
image_punjabi_66.jpg,Sarcasm
image_punjabi_67.jpg,Sarcasm
image_punjabi_68.jpg,Sarcasm
image_punjabi_69.jpg,Sarcasm
image_punjabi_70.jpg,Sarcasm
image_punjabi_71.jpg,Sarcasm
image_punjabi_72.jpg,Offensive
image_punjabi_73.jpg,Offensive
image_punjabi_74.jpg,Sarcasm
image_punjabi_75.jpg,Sarcasm
image_punjabi_76.jpg,Sarcasm
image_punjabi_77.jpg,Sarcasm
image_punjabi_78.jpg,Sarcasm
image_punjabi_79.jpg,Sarcasm
image_punjabi_80.jpg,Sarcasm
image_punjabi_81.jpg,Sarcasm
image_punjabi_82.jpg,Sarcasm
image_punjabi_83.jpg,Sarcasm
image_punjabi_84.jpg,Sarcasm
image_punjabi_85.jpg,Sarcasm
image_punjabi_86.jpg,Sarcasm
image_punjabi_87.jpg,Sarcasm
image_punjabi_88.jpg,Sarcasm
image_punjabi_89.jpg,Sarcasm
image_punjabi_90.jpg,Sarcasm
image_punjabi_91.jpg,Sarcasm
image_punjabi_92.jpg,Sarcasm
image_punjabi_93.jpg,Sarcasm
image_punjabi_94.jpg,Sarcasm
image_punjabi_95.jpg,Sarcasm
image_punjabi_96.jpg,Sarcasm
image_punjabi_97.jpg,Motivational
image_punjabi_98.jpg,Sarcasm
image_punjabi_99.jpg,Sarcasm
image_punjabi_100.jpg,Sarcasm
image_punjabi_101.jpg,Sarcasm
image_punjabi_102.jpg,Sarcasm
image_punjabi_103.jpg,Sarcasm
image_punjabi_104.jpg,Sarcasm
image_punjabi_105.jpg,Sarcasm
image_punjabi_106.jpg,Sarcasm
image_punjabi_107.jpg,Neutral
image_punjabi_108.jpg,Neutral
image_punjabi_109.jpg,Sarcasm
image_punjabi_110.jpg,Sarcasm
image_punjabi_111.jpg,Neutral
image_punjabi_112.jpg,Sarcasm
image_punjabi_113.jpg,Sarcasm
image_punjabi_114.jpg,Sarcasm
image_punjabi_115.jpg,Sarcasm
image_punjabi_116.jpg,Sarcasm
image_punjabi_117.jpg,Neutral
image_punjabi_118.jpg,Sarcasm
image_punjabi_119.jpg,Neutral
image_punjabi_120.jpg,Sarcasm
image_punjabi_121.jpg,Sarcasm
image_punjabi_122.jpg,Sarcasm
image_punjabi_123.jpg,Sarcasm
image_punjabi_124.jpg,Sarcasm
image_punjabi_125.jpg,Sarcasm
image_punjabi_126.jpg,Sarcasm
image_punjabi_127.jpg,Sarcasm
image_punjabi_128.jpg,Sarcasm
image_punjabi_129.jpg,Sarcasm
image_punjabi_130.jpg,Sarcasm
image_punjabi_131.jpg,Sarcasm
image_punjabi_132.jpg,Neutral
image_punjabi_133.jpg,Sarcasm
image_punjabi_134.jpg,Sarcasm
image_punjabi_135.jpg,Neutral
image_punjabi_136.jpg,Sarcasm
image_punjabi_137.jpg,Sarcasm
image_punjabi_138.jpg,Neutral
image_punjabi_139.jpg,Sarcasm
image_punjabi_140.jpg,Sarcasm
image_punjabi_141.jpg,Sarcasm
image_punjabi_142.jpg,Sarcasm
image_punjabi_143.jpg,Sarcasm
image_punjabi_144.jpg,Sarcasm
image_punjabi_145.jpg,Sarcasm
image_punjabi_146.jpg,Motivational
image_punjabi_147.jpg,Sarcasm
image_punjabi_148.jpg,Sarcasm
image_punjabi_149.jpg,Sarcasm
image_punjabi_150.jpg,Motivational
image_punjabi_151.jpg,Sarcasm
image_punjabi_152.jpg,Sarcasm
image_punjabi_153.jpg,Sarcasm
image_punjabi_154.jpg,Sarcasm
image_punjabi_155.jpg,Neutral
image_punjabi_156.jpg,Neutral
image_punjabi_157.jpg,Sarcasm
image_punjabi_158.jpg,Neutral
image_punjabi_159.jpg,Sarcasm
image_punjabi_160.jpg,Sarcasm
image_punjabi_161.jpg,Neutral
image_punjabi_162.jpg,Neutral
image_punjabi_163.jpg,Sarcasm
image_punjabi_164.jpg,Sarcasm
image_punjabi_165.jpg,Neutral
image_punjabi_166.jpg,Neutral
image_punjabi_167.jpg,Neutral
image_punjabi_168.jpg,Motivational
image_punjabi_169.jpg,Sarcasm
image_punjabi_170.jpg,Neutral
image_punjabi_171.jpg,Neutral
image_punjabi_172.jpg,Neutral
image_punjabi_173.jpg,Sarcasm
image_punjabi_174.jpg,Motivational
image_punjabi_175.jpg,Sarcasm
image_punjabi_176.jpg,Sarcasm
image_punjabi_177.jpg,Sarcasm
image_punjabi_178.jpg,Sarcasm
image_punjabi_179.jpg,Sarcasm
image_punjabi_180.jpg,Neutral
image_punjabi_181.jpg,Sarcasm
image_punjabi_182.jpg,Sarcasm
image_punjabi_183.jpg,Offensive
image_punjabi_184.jpg,Sarcasm
image_punjabi_185.jpg,Sarcasm
image_punjabi_186.jpg,Sarcasm
image_punjabi_187.jpg,Neutral
image_punjabi_188.jpg,Sarcasm
image_punjabi_189.jpg,Sarcasm
image_punjabi_190.jpg,Sarcasm
image_punjabi_191.jpg,Sarcasm
image_punjabi_192.jpg,Sarcasm
image_punjabi_193.jpg,Sarcasm
image_punjabi_194.jpg,Sarcasm
image_punjabi_195.jpg,Sarcasm
image_punjabi_196.jpg,Sarcasm
image_punjabi_197.jpg,Neutral
image_punjabi_198.jpg,Neutral
image_punjabi_199.jpg,Sarcasm
image_punjabi_200.jpg,Sarcasm
image_punjabi_201.jpg,Sarcasm
image_punjabi_202.jpg,Sarcasm
image_punjabi_203.jpg,Sarcasm
image_punjabi_204.jpg,Sarcasm
image_punjabi_205.jpg,Sarcasm
image_punjabi_206.jpg,Sarcasm
image_punjabi_207.jpg,Sarcasm
image_punjabi_208.jpg,Sarcasm
image_punjabi_209.jpg,Sarcasm
image_punjabi_210.jpg,Sarcasm
image_punjabi_211.jpg,Sarcasm
image_punjabi_212.jpg,Sarcasm
image_punjabi_213.jpg,Sarcasm
image_punjabi_214.jpg,Sarcasm
image_punjabi_215.jpg,Sarcasm
image_punjabi_216.jpg,Neutral
image_punjabi_217.jpg,Sarcasm
image_punjabi_218.jpg,Sarcasm
image_punjabi_219.jpg,Neutral
image_punjabi_220.jpg,Neutral
image_punjabi_221.jpg,Neutral
image_punjabi_222.jpg,Neutral
image_punjabi_223.jpg,Neutral
image_punjabi_224.jpg,Neutral
image_punjabi_225.jpg,Sarcasm
image_punjabi_226.jpg,Sarcasm
image_punjabi_227.jpg,Sarcasm
image_punjabi_228.jpg,Sarcasm
image_punjabi_229.jpg,Sarcasm
image_punjabi_230.jpg,Sarcasm
image_punjabi_231.jpg,Sarcasm
image_punjabi_232.jpg,Sarcasm
image_punjabi_233.jpg,Sarcasm
image_punjabi_234.jpg,Neutral
image_punjabi_235.jpg,Sarcasm
image_punjabi_236.jpg,Sarcasm
image_punjabi_237.jpg,Sarcasm
image_punjabi_238.jpg,Sarcasm
image_punjabi_239.jpg,Sarcasm
image_punjabi_240.jpg,Sarcasm
image_punjabi_241.jpg,Sarcasm
image_punjabi_242.jpg,Neutral
image_punjabi_243.jpg,Sarcasm
image_punjabi_244.jpg,Sarcasm
image_punjabi_245.jpg,Sarcasm
image_punjabi_246.jpg,Sarcasm
image_punjabi_247.jpg,Sarcasm
image_punjabi_248.jpg,Neutral
image_punjabi_249.jpg,Neutral
image_punjabi_250.jpg,Neutral
image_punjabi_251.jpg,Sarcasm
image_punjabi_252.jpg,Sarcasm
image_punjabi_253.jpg,Sarcasm
image_punjabi_254.jpg,Sarcasm
image_punjabi_255.jpg,Neutral
image_punjabi_256.jpg,Neutral
image_punjabi_257.jpg,Sarcasm
image_punjabi_258.jpg,Sarcasm
image_punjabi_259.jpg,Neutral
image_punjabi_260.jpg,Sarcasm
image_punjabi_261.jpg,Sarcasm
image_punjabi_262.jpg,Sarcasm
image_punjabi_263.jpg,Sarcasm
image_punjabi_264.jpg,Sarcasm
image_punjabi_265.jpg,Neutral
image_punjabi_266.jpg,Sarcasm
image_punjabi_267.jpg,Sarcasm
image_punjabi_268.jpg,Neutral
image_punjabi_269.jpg,Sarcasm
image_punjabi_270.jpg,Motivational
image_punjabi_271.jpg,Sarcasm
image_punjabi_272.jpg,Sarcasm
image_punjabi_273.jpg,Neutral
image_punjabi_274.jpg,Neutral
image_punjabi_275.jpg,Neutral
image_punjabi_276.jpg,Sarcasm
image_punjabi_277.jpg,Neutral
image_punjabi_278.jpg,Neutral
image_punjabi_279.jpg,Sarcasm
image_punjabi_280.jpg,Sarcasm
image_punjabi_281.jpg,Motivational
image_punjabi_282.jpg,Sarcasm
image_punjabi_283.jpg,Neutral
image_punjabi_284.jpg,Sarcasm
image_punjabi_285.jpg,Sarcasm
image_punjabi_286.jpg,Sarcasm
image_punjabi_287.jpg,Sarcasm
image_punjabi_288.jpg,Sarcasm
image_punjabi_289.jpg,Neutral
image_punjabi_290.jpg,Neutral
image_punjabi_291.jpg,Sarcasm
image_punjabi_292.jpg,Sarcasm
image_punjabi_293.jpg,Sarcasm
image_punjabi_294.jpg,Neutral
image_punjabi_295.jpg,Sarcasm
image_punjabi_296.jpg,Sarcasm
image_punjabi_297.jpg,Motivational
image_punjabi_298.jpg,Neutral
image_punjabi_299.jpg,Sarcasm
image_punjabi_300.jpg,Neutral
image_punjabi_301.jpg,Sarcasm
image_punjabi_302.jpg,Sarcasm
image_punjabi_303.jpg,Neutral
image_punjabi_304.jpg,Neutral
image_punjabi_305.jpg,Sarcasm
image_punjabi_306.jpg,Sarcasm
image_punjabi_307.jpg,Sarcasm
image_punjabi_308.jpg,Sarcasm
image_punjabi_309.jpg,Sarcasm
image_punjabi_310.jpg,Sarcasm
image_punjabi_311.jpg,Motivational
image_punjabi_312.jpg,Sarcasm
image_punjabi_313.jpg,Sarcasm
image_punjabi_314.jpg,Sarcasm
image_punjabi_315.jpg,Neutral
image_punjabi_316.jpg,Neutral
image_punjabi_317.jpg,Motivational
image_punjabi_318.jpg,Neutral
image_punjabi_319.jpg,Neutral
image_punjabi_320.jpg,Motivational
image_punjabi_321.jpg,Neutral
image_punjabi_322.jpg,Neutral
image_punjabi_323.jpg,Neutral
image_punjabi_324.jpg,Motivational
image_punjabi_325.jpg,Sarcasm
image_punjabi_326.jpg,Neutral
image_punjabi_327.jpg,Sarcasm
image_punjabi_328.jpg,Sarcasm
image_punjabi_329.jpg,Neutral
image_punjabi_330.jpg,Sarcasm
image_punjabi_331.jpg,Sarcasm
image_punjabi_332.jpg,Neutral
image_punjabi_333.jpg,Neutral
image_punjabi_334.jpg,Neutral
image_punjabi_335.jpg,Sarcasm
image_punjabi_336.jpg,Sarcasm
image_punjabi_337.jpg,Sarcasm
image_punjabi_338.jpg,Sarcasm
image_punjabi_339.jpg,Sarcasm
image_punjabi_340.jpg,Sarcasm
image_punjabi_341.jpg,Neutral
image_punjabi_342.jpg,Sarcasm
image_punjabi_343.jpg,Neutral
image_punjabi_344.jpg,Sarcasm
image_punjabi_345.jpg,Sarcasm
image_punjabi_346.jpg,Sarcasm
image_punjabi_347.jpg,Sarcasm
image_punjabi_348.jpg,Neutral
image_punjabi_349.jpg,Motivational
image_punjabi_350.jpg,Sarcasm
image_punjabi_351.jpg,Sarcasm
image_punjabi_352.jpg,Neutral
image_punjabi_353.jpg,Neutral
image_punjabi_354.jpg,Neutral
image_punjabi_355.jpg,Neutral
image_punjabi_356.jpg,Neutral
image_punjabi_357.jpg,Sarcasm
image_punjabi_358.jpg,Neutral
image_punjabi_359.jpg,Sarcasm
image_punjabi_360.jpg,Offensive
image_punjabi_361.jpg,Sarcasm
image_punjabi_362.jpg,Sarcasm
image_punjabi_363.jpg,Neutral
image_punjabi_364.jpg,Neutral
image_punjabi_365.jpg,Neutral
image_punjabi_366.jpg,Sarcasm
image_punjabi_367.jpg,Motivational
image_punjabi_368.jpg,Motivational
image_punjabi_369.jpg,Sarcasm
image_punjabi_370.jpg,Sarcasm
image_punjabi_371.jpg,Sarcasm
image_punjabi_372.jpg,Motivational
image_punjabi_373.jpg,Neutral
image_punjabi_374.jpg,Neutral
image_punjabi_375.jpg,Sarcasm
image_punjabi_376.jpg,Sarcasm
image_punjabi_377.jpg,Sarcasm
image_punjabi_378.jpg,Sarcasm
image_punjabi_379.jpg,Neutral
image_punjabi_380.jpg,Sarcasm
image_punjabi_381.jpg,Neutral
image_punjabi_382.jpg,Sarcasm
image_punjabi_383.jpg,Neutral
image_punjabi_384.jpg,Sarcasm
image_punjabi_385.jpg,Sarcasm
image_punjabi_386.jpg,Sarcasm
image_punjabi_387.jpg,Sarcasm
image_punjabi_388.jpg,Neutral
image_punjabi_389.jpg,Sarcasm
image_punjabi_390.jpg,Neutral
image_punjabi_391.jpg,Sarcasm
image_punjabi_392.jpg,Sarcasm
image_punjabi_393.jpg,Sarcasm
image_punjabi_394.jpg,Sarcasm
image_punjabi_395.jpg,Motivational
image_punjabi_396.jpg,Sarcasm
image_punjabi_397.jpg,Sarcasm
image_punjabi_398.jpg,Neutral
image_punjabi_399.jpg,Sarcasm
image_punjabi_400.jpg,Neutral
image_punjabi_401.jpg,Sarcasm
image_punjabi_402.jpg,Neutral
image_punjabi_403.jpg,Sarcasm
image_punjabi_404.jpg,Sarcasm
image_punjabi_405.jpg,Sarcasm
image_punjabi_406.jpg,Neutral
image_punjabi_407.jpg,Sarcasm
image_punjabi_408.jpg,Sarcasm
image_punjabi_409.jpg,Sarcasm
image_punjabi_410.jpg,Sarcasm
image_punjabi_411.jpg,Sarcasm
image_punjabi_412.jpg,Sarcasm
image_punjabi_413.jpg,Sarcasm
image_punjabi_414.jpg,Sarcasm
image_punjabi_415.jpg,Neutral
image_punjabi_416.jpg,Neutral
image_punjabi_417.jpg,Sarcasm
image_punjabi_418.jpg,Sarcasm
image_punjabi_419.jpg,Neutral
image_punjabi_420.jpg,Neutral
image_punjabi_421.jpg,Sarcasm
image_punjabi_422.jpg,Sarcasm
image_punjabi_423.jpg,Sarcasm
image_punjabi_424.jpg,Offensive
image_punjabi_425.jpg,Sarcasm
image_punjabi_426.jpg,Sarcasm
image_punjabi_427.jpg,Sarcasm
image_punjabi_428.jpg,Sarcasm
image_punjabi_429.jpg,Neutral
image_punjabi_430.jpg,Neutral
image_punjabi_431.jpg,Sarcasm
image_punjabi_432.jpg,Sarcasm
image_punjabi_433.jpg,Sarcasm
image_punjabi_434.jpg,Sarcasm
image_punjabi_435.jpg,Sarcasm
image_punjabi_436.jpg,Sarcasm
image_punjabi_437.jpg,Sarcasm
image_punjabi_438.jpg,Sarcasm
image_punjabi_439.jpg,Neutral
image_punjabi_440.jpg,Motivational
image_punjabi_441.jpg,Neutral
image_punjabi_442.jpg,Sarcasm
image_punjabi_443.jpg,Sarcasm
image_punjabi_444.jpg,Neutral
image_punjabi_445.jpg,Sarcasm
image_punjabi_446.jpg,Sarcasm
image_punjabi_447.jpg,Sarcasm
image_punjabi_448.jpg,Sarcasm
image_punjabi_449.jpg,Sarcasm
image_punjabi_450.jpg,Sarcasm
image_punjabi_451.jpg,Sarcasm
image_punjabi_452.jpg,Neutral
image_punjabi_453.jpg,Sarcasm
image_punjabi_454.jpg,Sarcasm
image_punjabi_455.jpg,Sarcasm
image_punjabi_456.jpg,Sarcasm
image_punjabi_457.jpg,Sarcasm
image_punjabi_458.jpg,Sarcasm
image_punjabi_459.jpg,Sarcasm
image_punjabi_460.jpg,Sarcasm
image_punjabi_461.jpg,Sarcasm
image_punjabi_462.jpg,Neutral
image_punjabi_463.jpg,Sarcasm
image_punjabi_464.jpg,Sarcasm
image_punjabi_465.jpg,Sarcasm
image_punjabi_466.jpg,Sarcasm
image_punjabi_467.jpg,Sarcasm
image_punjabi_468.jpg,Sarcasm
image_punjabi_469.jpg,Sarcasm
image_punjabi_470.jpg,Sarcasm
image_punjabi_471.jpg,Motivational
image_punjabi_472.jpg,Motivational
image_punjabi_473.jpg,Motivational
image_punjabi_474.jpg,Motivational
image_punjabi_475.jpg,Sarcasm
image_punjabi_476.jpg,Sarcasm
image_punjabi_477.jpg,Sarcasm
image_punjabi_478.jpg,Neutral
image_punjabi_479.jpg,Neutral
image_punjabi_480.jpg,Neutral
image_punjabi_481.jpg,Sarcasm
image_punjabi_482.jpg,Sarcasm
image_punjabi_483.jpg,Sarcasm
image_punjabi_484.jpg,Sarcasm
image_punjabi_485.jpg,Sarcasm
image_punjabi_486.jpg,Sarcasm
image_punjabi_487.jpg,Sarcasm
image_punjabi_488.jpg,Sarcasm
image_punjabi_489.jpg,Neutral
image_punjabi_490.jpg,Sarcasm
image_punjabi_491.jpg,Motivational
image_punjabi_492.jpg,Sarcasm
image_punjabi_493.jpg,Sarcasm
image_punjabi_494.jpg,Sarcasm
image_punjabi_495.jpg,Sarcasm
image_punjabi_496.jpg,Neutral
image_punjabi_497.jpg,Sarcasm
image_punjabi_498.jpg,Sarcasm
image_punjabi_499.jpg,Motivational
image_punjabi_500.jpg,Sarcasm
